<?xml version="1.0" encoding="UTF-8"?>
<metadata xml:lang="en"><Esri><CreaDate>20230401</CreaDate><CreaTime>23143400</CreaTime><ArcGISFormat>1.0</ArcGISFormat><SyncOnce>FALSE</SyncOnce><DataProperties><itemProps><itemName Sync="TRUE">c2021GTArobberyoccur</itemName><imsContentType Sync="TRUE">002</imsContentType><itemSize Sync="TRUE">0.000</itemSize><itemLocation><linkage Sync="TRUE">file://\\STARRYPC\D$\618shp\c2021GTArobberyoccur</linkage><protocol Sync="TRUE">Local Area Network</protocol></itemLocation></itemProps><coordRef><type Sync="TRUE">Projected</type><geogcsn Sync="TRUE">GCS_North_American_1983</geogcsn><csUnits Sync="TRUE">Linear Unit: Meter (1.000000)</csUnits><peXml Sync="TRUE">&lt;ProjectedCoordinateSystem xsi:type='typens:ProjectedCoordinateSystem' xmlns:xsi='http://www.w3.org/2001/XMLSchema-instance' xmlns:xs='http://www.w3.org/2001/XMLSchema' xmlns:typens='http://www.esri.com/schemas/ArcGIS/3.0.0'&gt;&lt;WKT&gt;PROJCS[&amp;quot;NAD_1983_UTM_Zone_17N&amp;quot;,GEOGCS[&amp;quot;GCS_North_American_1983&amp;quot;,DATUM[&amp;quot;D_North_American_1983&amp;quot;,SPHEROID[&amp;quot;GRS_1980&amp;quot;,6378137.0,298.257222101]],PRIMEM[&amp;quot;Greenwich&amp;quot;,0.0],UNIT[&amp;quot;Degree&amp;quot;,0.0174532925199433]],PROJECTION[&amp;quot;Transverse_Mercator&amp;quot;],PARAMETER[&amp;quot;False_Easting&amp;quot;,500000.0],PARAMETER[&amp;quot;False_Northing&amp;quot;,0.0],PARAMETER[&amp;quot;Central_Meridian&amp;quot;,-81.0],PARAMETER[&amp;quot;Scale_Factor&amp;quot;,0.9996],PARAMETER[&amp;quot;Latitude_Of_Origin&amp;quot;,0.0],UNIT[&amp;quot;Meter&amp;quot;,1.0],AUTHORITY[&amp;quot;EPSG&amp;quot;,26917]]&lt;/WKT&gt;&lt;XOrigin&gt;-5120900&lt;/XOrigin&gt;&lt;YOrigin&gt;-9998100&lt;/YOrigin&gt;&lt;XYScale&gt;450445547.3910538&lt;/XYScale&gt;&lt;ZOrigin&gt;-100000&lt;/ZOrigin&gt;&lt;ZScale&gt;10000&lt;/ZScale&gt;&lt;MOrigin&gt;-100000&lt;/MOrigin&gt;&lt;MScale&gt;10000&lt;/MScale&gt;&lt;XYTolerance&gt;0.001&lt;/XYTolerance&gt;&lt;ZTolerance&gt;0.001&lt;/ZTolerance&gt;&lt;MTolerance&gt;0.001&lt;/MTolerance&gt;&lt;HighPrecision&gt;true&lt;/HighPrecision&gt;&lt;WKID&gt;26917&lt;/WKID&gt;&lt;LatestWKID&gt;26917&lt;/LatestWKID&gt;&lt;/ProjectedCoordinateSystem&gt;</peXml><projcsn Sync="TRUE">NAD_1983_UTM_Zone_17N</projcsn></coordRef><lineage><Process ToolSource="c:\program files\arcgis\pro\Resources\ArcToolbox\toolboxes\Conversion Tools.tbx\ExportFeatures" Date="20230331" Time="220639">ExportFeatures Major_Crime_Indicators_Open_Data D:\crime\robbery.shp # NOT_USE_ALIAS "OBJECTID "OBJECTID" true true false 6 Long 0 6,First,#,Major_Crime_Indicators_Open_Data,OBJECTID,-1,-1;EVENT_UNIQ "EVENT_UNIQ" true true false 16 Text 0 0,First,#,Major_Crime_Indicators_Open_Data,EVENT_UNIQ,0,16;REPORT_DAT "REPORT_DAT" true true false 8 Date 0 0,First,#,Major_Crime_Indicators_Open_Data,REPORT_DAT,-1,-1;OCC_DATE "OCC_DATE" true true false 8 Date 0 0,First,#,Major_Crime_Indicators_Open_Data,OCC_DATE,-1,-1;REPORT_YEA "REPORT_YEA" true true false 4 Short 0 4,First,#,Major_Crime_Indicators_Open_Data,REPORT_YEA,-1,-1;REPORT_MON "REPORT_MON" true true false 9 Text 0 0,First,#,Major_Crime_Indicators_Open_Data,REPORT_MON,0,9;REPORT_DAY "REPORT_DAY" true true false 2 Short 0 2,First,#,Major_Crime_Indicators_Open_Data,REPORT_DAY,-1,-1;REPORT_DOY "REPORT_DOY" true true false 3 Short 0 3,First,#,Major_Crime_Indicators_Open_Data,REPORT_DOY,-1,-1;REPORT_DOW "REPORT_DOW" true true false 9 Text 0 0,First,#,Major_Crime_Indicators_Open_Data,REPORT_DOW,0,9;REPORT_HOU "REPORT_HOU" true true false 2 Short 0 2,First,#,Major_Crime_Indicators_Open_Data,REPORT_HOU,-1,-1;OCC_YEAR "OCC_YEAR" true true false 4 Short 0 4,First,#,Major_Crime_Indicators_Open_Data,OCC_YEAR,-1,-1;OCC_MONTH "OCC_MONTH" true true false 9 Text 0 0,First,#,Major_Crime_Indicators_Open_Data,OCC_MONTH,0,9;OCC_DAY "OCC_DAY" true true false 2 Short 0 2,First,#,Major_Crime_Indicators_Open_Data,OCC_DAY,-1,-1;OCC_DOY "OCC_DOY" true true false 3 Short 0 3,First,#,Major_Crime_Indicators_Open_Data,OCC_DOY,-1,-1;OCC_DOW "OCC_DOW" true true false 9 Text 0 0,First,#,Major_Crime_Indicators_Open_Data,OCC_DOW,0,9;OCC_HOUR "OCC_HOUR" true true false 2 Short 0 2,First,#,Major_Crime_Indicators_Open_Data,OCC_HOUR,-1,-1;DIVISION "DIVISION" true true false 3 Text 0 0,First,#,Major_Crime_Indicators_Open_Data,DIVISION,0,3;LOCATION_T "LOCATION_T" true true false 70 Text 0 0,First,#,Major_Crime_Indicators_Open_Data,LOCATION_T,0,70;PREMISES_T "PREMISES_T" true true false 11 Text 0 0,First,#,Major_Crime_Indicators_Open_Data,PREMISES_T,0,11;UCR_CODE "UCR_CODE" true true false 4 Short 0 4,First,#,Major_Crime_Indicators_Open_Data,UCR_CODE,-1,-1;UCR_EXT "UCR_EXT" true true false 3 Short 0 3,First,#,Major_Crime_Indicators_Open_Data,UCR_EXT,-1,-1;OFFENCE "OFFENCE" true true false 30 Text 0 0,First,#,Major_Crime_Indicators_Open_Data,OFFENCE,0,30;MCI_CATEGO "MCI_CATEGO" true true false 15 Text 0 0,First,#,Major_Crime_Indicators_Open_Data,MCI_CATEGO,0,15;HOOD_158 "HOOD_158" true true false 3 Text 0 0,First,#,Major_Crime_Indicators_Open_Data,HOOD_158,0,3;NEIGHBOURH "NEIGHBOURH" true true false 37 Text 0 0,First,#,Major_Crime_Indicators_Open_Data,NEIGHBOURH,0,37;HOOD_140 "HOOD_140" true true false 3 Text 0 0,First,#,Major_Crime_Indicators_Open_Data,HOOD_140,0,3;NEIGHBOU_1 "NEIGHBOU_1" true true false 40 Text 0 0,First,#,Major_Crime_Indicators_Open_Data,NEIGHBOU_1,0,40;LONG_WGS84 "LONG_WGS84" true true false 24 Double 15 23,First,#,Major_Crime_Indicators_Open_Data,LONG_WGS84,-1,-1;LAT_WGS84 "LAT_WGS84" true true false 24 Double 15 23,First,#,Major_Crime_Indicators_Open_Data,LAT_WGS84,-1,-1" #</Process><Process ToolSource="c:\program files\arcgis\pro\Resources\ArcToolbox\toolboxes\Conversion Tools.tbx\ExportFeatures" Date="20230401" Time="122833">ExportFeatures robbery D:\crime\robbery_2021_trt.shp # NOT_USE_ALIAS "OBJECTID "OBJECTID" true true false 6 Long 0 6,First,#,robbery,OBJECTID,-1,-1;EVENT_UNIQ "EVENT_UNIQ" true true false 16 Text 0 0,First,#,robbery,EVENT_UNIQ,0,16;REPORT_DAT "REPORT_DAT" true true false 8 Date 0 0,First,#,robbery,REPORT_DAT,-1,-1;OCC_DATE "OCC_DATE" true true false 8 Date 0 0,First,#,robbery,OCC_DATE,-1,-1;REPORT_YEA "REPORT_YEA" true true false 4 Short 0 4,First,#,robbery,REPORT_YEA,-1,-1;REPORT_MON "REPORT_MON" true true false 9 Text 0 0,First,#,robbery,REPORT_MON,0,9;REPORT_DAY "REPORT_DAY" true true false 2 Short 0 2,First,#,robbery,REPORT_DAY,-1,-1;REPORT_DOY "REPORT_DOY" true true false 3 Short 0 3,First,#,robbery,REPORT_DOY,-1,-1;REPORT_DOW "REPORT_DOW" true true false 9 Text 0 0,First,#,robbery,REPORT_DOW,0,9;REPORT_HOU "REPORT_HOU" true true false 2 Short 0 2,First,#,robbery,REPORT_HOU,-1,-1;OCC_YEAR "OCC_YEAR" true true false 4 Short 0 4,First,#,robbery,OCC_YEAR,-1,-1;OCC_MONTH "OCC_MONTH" true true false 9 Text 0 0,First,#,robbery,OCC_MONTH,0,9;OCC_DAY "OCC_DAY" true true false 2 Short 0 2,First,#,robbery,OCC_DAY,-1,-1;OCC_DOY "OCC_DOY" true true false 3 Short 0 3,First,#,robbery,OCC_DOY,-1,-1;OCC_DOW "OCC_DOW" true true false 9 Text 0 0,First,#,robbery,OCC_DOW,0,9;OCC_HOUR "OCC_HOUR" true true false 2 Short 0 2,First,#,robbery,OCC_HOUR,-1,-1;DIVISION "DIVISION" true true false 3 Text 0 0,First,#,robbery,DIVISION,0,3;LOCATION_T "LOCATION_T" true true false 70 Text 0 0,First,#,robbery,LOCATION_T,0,70;PREMISES_T "PREMISES_T" true true false 11 Text 0 0,First,#,robbery,PREMISES_T,0,11;UCR_CODE "UCR_CODE" true true false 4 Short 0 4,First,#,robbery,UCR_CODE,-1,-1;UCR_EXT "UCR_EXT" true true false 3 Short 0 3,First,#,robbery,UCR_EXT,-1,-1;OFFENCE "OFFENCE" true true false 30 Text 0 0,First,#,robbery,OFFENCE,0,30;MCI_CATEGO "MCI_CATEGO" true true false 15 Text 0 0,First,#,robbery,MCI_CATEGO,0,15;HOOD_158 "HOOD_158" true true false 3 Text 0 0,First,#,robbery,HOOD_158,0,3;NEIGHBOURH "NEIGHBOURH" true true false 37 Text 0 0,First,#,robbery,NEIGHBOURH,0,37;HOOD_140 "HOOD_140" true true false 3 Text 0 0,First,#,robbery,HOOD_140,0,3;NEIGHBOU_1 "NEIGHBOU_1" true true false 40 Text 0 0,First,#,robbery,NEIGHBOU_1,0,40;LONG_WGS84 "LONG_WGS84" true true false 19 Double 15 18,First,#,robbery,LONG_WGS84,-1,-1;LAT_WGS84 "LAT_WGS84" true true false 19 Double 15 18,First,#,robbery,LAT_WGS84,-1,-1" #</Process><Process ToolSource="c:\program files\arcgis\pro\Resources\ArcToolbox\toolboxes\Data Management Tools.tbx\Project" Date="20230401" Time="132617">Project "2021 GTA robbery occurrences" C:\Users\12091\OneDrive\乱七八糟\文档\ArcGIS\Projects\MyProject8\MyProject8.gdb\c2021GTArobberyoccur_Project PROJCS["NAD_1983_UTM_Zone_17N",GEOGCS["GCS_North_American_1983",DATUM["D_North_American_1983",SPHEROID["GRS_1980",6378137.0,298.257222101]],PRIMEM["Greenwich",0.0],UNIT["Degree",0.0174532925199433]],PROJECTION["Transverse_Mercator"],PARAMETER["False_Easting",500000.0],PARAMETER["False_Northing",0.0],PARAMETER["Central_Meridian",-81.0],PARAMETER["Scale_Factor",0.9996],PARAMETER["Latitude_Of_Origin",0.0],UNIT["Meter",1.0]] WGS_1984_(ITRF00)_To_NAD_1983 GEOGCS["GCS_WGS_1984",DATUM["D_WGS_1984",SPHEROID["WGS_1984",6378137.0,298.257223563]],PRIMEM["Greenwich",0.0],UNIT["Degree",0.0174532925199433]] NO_PRESERVE_SHAPE # NO_VERTICAL</Process><Process ToolSource="c:\program files\arcgis\pro\Resources\ArcToolbox\toolboxes\Conversion Tools.tbx\ExportFeatures" Date="20230401" Time="132815">ExportFeatures c2021GTArobberyoccur_Project D:\crime\c2021GTArobberyoccur.shp # NOT_USE_ALIAS "OBJECTID "OBJECTID" true true false 4 Long 0 0,First,#,c2021GTArobberyoccur_Project,OBJECTID,-1,-1;EVENT_UNIQ "EVENT_UNIQ" true true false 16 Text 0 0,First,#,c2021GTArobberyoccur_Project,EVENT_UNIQ,0,16;REPORT_DAT "REPORT_DAT" true true false 8 Date 0 0,First,#,c2021GTArobberyoccur_Project,REPORT_DAT,-1,-1;OCC_DATE "OCC_DATE" true true false 8 Date 0 0,First,#,c2021GTArobberyoccur_Project,OCC_DATE,-1,-1;REPORT_YEA "REPORT_YEA" true true false 2 Short 0 0,First,#,c2021GTArobberyoccur_Project,REPORT_YEA,-1,-1;REPORT_MON "REPORT_MON" true true false 9 Text 0 0,First,#,c2021GTArobberyoccur_Project,REPORT_MON,0,9;REPORT_DAY "REPORT_DAY" true true false 2 Short 0 0,First,#,c2021GTArobberyoccur_Project,REPORT_DAY,-1,-1;REPORT_DOY "REPORT_DOY" true true false 2 Short 0 0,First,#,c2021GTArobberyoccur_Project,REPORT_DOY,-1,-1;REPORT_DOW "REPORT_DOW" true true false 9 Text 0 0,First,#,c2021GTArobberyoccur_Project,REPORT_DOW,0,9;REPORT_HOU "REPORT_HOU" true true false 2 Short 0 0,First,#,c2021GTArobberyoccur_Project,REPORT_HOU,-1,-1;OCC_YEAR "OCC_YEAR" true true false 2 Short 0 0,First,#,c2021GTArobberyoccur_Project,OCC_YEAR,-1,-1;OCC_MONTH "OCC_MONTH" true true false 9 Text 0 0,First,#,c2021GTArobberyoccur_Project,OCC_MONTH,0,9;OCC_DAY "OCC_DAY" true true false 2 Short 0 0,First,#,c2021GTArobberyoccur_Project,OCC_DAY,-1,-1;OCC_DOY "OCC_DOY" true true false 2 Short 0 0,First,#,c2021GTArobberyoccur_Project,OCC_DOY,-1,-1;OCC_DOW "OCC_DOW" true true false 9 Text 0 0,First,#,c2021GTArobberyoccur_Project,OCC_DOW,0,9;OCC_HOUR "OCC_HOUR" true true false 2 Short 0 0,First,#,c2021GTArobberyoccur_Project,OCC_HOUR,-1,-1;DIVISION "DIVISION" true true false 3 Text 0 0,First,#,c2021GTArobberyoccur_Project,DIVISION,0,3;LOCATION_T "LOCATION_T" true true false 70 Text 0 0,First,#,c2021GTArobberyoccur_Project,LOCATION_T,0,70;PREMISES_T "PREMISES_T" true true false 11 Text 0 0,First,#,c2021GTArobberyoccur_Project,PREMISES_T,0,11;UCR_CODE "UCR_CODE" true true false 2 Short 0 0,First,#,c2021GTArobberyoccur_Project,UCR_CODE,-1,-1;UCR_EXT "UCR_EXT" true true false 2 Short 0 0,First,#,c2021GTArobberyoccur_Project,UCR_EXT,-1,-1;OFFENCE "OFFENCE" true true false 30 Text 0 0,First,#,c2021GTArobberyoccur_Project,OFFENCE,0,30;MCI_CATEGO "MCI_CATEGO" true true false 15 Text 0 0,First,#,c2021GTArobberyoccur_Project,MCI_CATEGO,0,15;HOOD_158 "HOOD_158" true true false 3 Text 0 0,First,#,c2021GTArobberyoccur_Project,HOOD_158,0,3;NEIGHBOURH "NEIGHBOURH" true true false 37 Text 0 0,First,#,c2021GTArobberyoccur_Project,NEIGHBOURH,0,37;HOOD_140 "HOOD_140" true true false 3 Text 0 0,First,#,c2021GTArobberyoccur_Project,HOOD_140,0,3;NEIGHBOU_1 "NEIGHBOU_1" true true false 40 Text 0 0,First,#,c2021GTArobberyoccur_Project,NEIGHBOU_1,0,40;LONG_WGS84 "LONG_WGS84" true true false 8 Double 0 0,First,#,c2021GTArobberyoccur_Project,LONG_WGS84,-1,-1;LAT_WGS84 "LAT_WGS84" true true false 8 Double 0 0,First,#,c2021GTArobberyoccur_Project,LAT_WGS84,-1,-1" #</Process><Process ToolSource="c:\program files\arcgis\pro\Resources\ArcToolbox\toolboxes\Data Management Tools.tbx\Copy" Date="20230401" Time="231434">Copy D:\crime\c2021GTArobberyoccur.shp D:\618shp\c2021GTArobberyoccur.shp Shapefile #</Process></lineage><copyHistory><copy source="D:\crime\c2021GTArobberyoccur" dest="\\STARRYPC\D$\618shp\c2021GTArobberyoccur" date="20230401" time="23143400"></copy></copyHistory></DataProperties><SyncDate>20230401</SyncDate><SyncTime>13281500</SyncTime><ModDate>20230401</ModDate><ModTime>13281500</ModTime></Esri><dataIdInfo><envirDesc Sync="TRUE">Microsoft Windows 10 Version 10.0 (Build 22621) ; Esri ArcGIS 13.0.0.36056</envirDesc><dataLang><languageCode value="eng" Sync="TRUE"></languageCode><countryCode value="CAN" Sync="TRUE"></countryCode></dataLang><idCitation><resTitle Sync="TRUE">c2021GTArobberyoccur</resTitle><presForm><PresFormCd value="005" Sync="TRUE"></PresFormCd></presForm></idCitation><spatRpType><SpatRepTypCd value="001" Sync="TRUE"></SpatRepTypCd></spatRpType></dataIdInfo><mdLang><languageCode value="eng" Sync="TRUE"></languageCode><countryCode value="CAN" Sync="TRUE"></countryCode></mdLang><mdChar><CharSetCd value="004" Sync="TRUE"></CharSetCd></mdChar><distInfo><distFormat><formatName Sync="TRUE">Shapefile</formatName></distFormat><distTranOps><transSize Sync="TRUE">0.000</transSize></distTranOps></distInfo><mdHrLv><ScopeCd value="005" Sync="TRUE"></ScopeCd></mdHrLv><mdHrLvName Sync="TRUE">dataset</mdHrLvName><refSysInfo><RefSystem><refSysID><identCode code="26917" Sync="TRUE"></identCode><idCodeSpace Sync="TRUE">EPSG</idCodeSpace><idVersion Sync="TRUE">6.11(3.0.1)</idVersion></refSysID></RefSystem></refSysInfo><spatRepInfo><VectSpatRep><geometObjs Name="c2021GTArobberyoccur"><geoObjTyp><GeoObjTypCd value="004" Sync="TRUE"></GeoObjTypCd></geoObjTyp><geoObjCnt Sync="TRUE">0</geoObjCnt></geometObjs><topLvl><TopoLevCd value="001" Sync="TRUE"></TopoLevCd></topLvl></VectSpatRep></spatRepInfo><spdoinfo><ptvctinf><esriterm Name="c2021GTArobberyoccur"><efeatyp Sync="TRUE">Simple</efeatyp><efeageom code="1" Sync="TRUE"></efeageom><esritopo Sync="TRUE">FALSE</esritopo><efeacnt Sync="TRUE">0</efeacnt><spindex Sync="TRUE">FALSE</spindex><linrefer Sync="TRUE">FALSE</linrefer></esriterm></ptvctinf></spdoinfo><eainfo><detailed Name="c2021GTArobberyoccur"><enttyp><enttypl Sync="TRUE">c2021GTArobberyoccur</enttypl><enttypt Sync="TRUE">Feature Class</enttypt><enttypc Sync="TRUE">0</enttypc></enttyp><attr><attrlabl Sync="TRUE">FID</attrlabl><attalias Sync="TRUE">FID</attalias><attrtype Sync="TRUE">OID</attrtype><attwidth Sync="TRUE">4</attwidth><atprecis Sync="TRUE">0</atprecis><attscale Sync="TRUE">0</attscale><attrdef Sync="TRUE">Internal feature number.</attrdef><attrdefs Sync="TRUE">Esri</attrdefs><attrdomv><udom Sync="TRUE">Sequential unique whole numbers that are automatically generated.</udom></attrdomv></attr><attr><attrlabl Sync="TRUE">Shape</attrlabl><attalias Sync="TRUE">Shape</attalias><attrtype Sync="TRUE">Geometry</attrtype><attwidth Sync="TRUE">0</attwidth><atprecis Sync="TRUE">0</atprecis><attscale Sync="TRUE">0</attscale><attrdef Sync="TRUE">Feature geometry.</attrdef><attrdefs Sync="TRUE">Esri</attrdefs><attrdomv><udom Sync="TRUE">Coordinates defining the features.</udom></attrdomv></attr><attr><attrlabl Sync="TRUE">OBJECTID</attrlabl><attalias Sync="TRUE">OBJECTID</attalias><attrtype Sync="TRUE">Integer</attrtype><attwidth Sync="TRUE">10</attwidth><atprecis Sync="TRUE">10</atprecis><attscale Sync="TRUE">0</attscale></attr><attr><attrlabl Sync="TRUE">EVENT_UNIQ</attrlabl><attalias Sync="TRUE">EVENT_UNIQ</attalias><attrtype Sync="TRUE">String</attrtype><attwidth Sync="TRUE">16</attwidth><atprecis Sync="TRUE">0</atprecis><attscale Sync="TRUE">0</attscale></attr><attr><attrlabl Sync="TRUE">REPORT_DAT</attrlabl><attalias Sync="TRUE">REPORT_DAT</attalias><attrtype Sync="TRUE">Date</attrtype><attwidth Sync="TRUE">8</attwidth><atprecis Sync="TRUE">0</atprecis><attscale Sync="TRUE">0</attscale></attr><attr><attrlabl Sync="TRUE">OCC_DATE</attrlabl><attalias Sync="TRUE">OCC_DATE</attalias><attrtype Sync="TRUE">Date</attrtype><attwidth Sync="TRUE">8</attwidth><atprecis Sync="TRUE">0</atprecis><attscale Sync="TRUE">0</attscale></attr><attr><attrlabl Sync="TRUE">REPORT_YEA</attrlabl><attalias Sync="TRUE">REPORT_YEA</attalias><attrtype Sync="TRUE">Integer</attrtype><attwidth Sync="TRUE">5</attwidth><atprecis Sync="TRUE">5</atprecis><attscale Sync="TRUE">0</attscale></attr><attr><attrlabl Sync="TRUE">REPORT_MON</attrlabl><attalias Sync="TRUE">REPORT_MON</attalias><attrtype Sync="TRUE">String</attrtype><attwidth Sync="TRUE">9</attwidth><atprecis Sync="TRUE">0</atprecis><attscale Sync="TRUE">0</attscale></attr><attr><attrlabl Sync="TRUE">REPORT_DAY</attrlabl><attalias Sync="TRUE">REPORT_DAY</attalias><attrtype Sync="TRUE">Integer</attrtype><attwidth Sync="TRUE">5</attwidth><atprecis Sync="TRUE">5</atprecis><attscale Sync="TRUE">0</attscale></attr><attr><attrlabl Sync="TRUE">REPORT_DOY</attrlabl><attalias Sync="TRUE">REPORT_DOY</attalias><attrtype Sync="TRUE">Integer</attrtype><attwidth Sync="TRUE">5</attwidth><atprecis Sync="TRUE">5</atprecis><attscale Sync="TRUE">0</attscale></attr><attr><attrlabl Sync="TRUE">REPORT_DOW</attrlabl><attalias Sync="TRUE">REPORT_DOW</attalias><attrtype Sync="TRUE">String</attrtype><attwidth Sync="TRUE">9</attwidth><atprecis Sync="TRUE">0</atprecis><attscale Sync="TRUE">0</attscale></attr><attr><attrlabl Sync="TRUE">REPORT_HOU</attrlabl><attalias Sync="TRUE">REPORT_HOU</attalias><attrtype Sync="TRUE">Integer</attrtype><attwidth Sync="TRUE">5</attwidth><atprecis Sync="TRUE">5</atprecis><attscale Sync="TRUE">0</attscale></attr><attr><attrlabl Sync="TRUE">OCC_YEAR</attrlabl><attalias Sync="TRUE">OCC_YEAR</attalias><attrtype Sync="TRUE">Integer</attrtype><attwidth Sync="TRUE">5</attwidth><atprecis Sync="TRUE">5</atprecis><attscale Sync="TRUE">0</attscale></attr><attr><attrlabl Sync="TRUE">OCC_MONTH</attrlabl><attalias Sync="TRUE">OCC_MONTH</attalias><attrtype Sync="TRUE">String</attrtype><attwidth Sync="TRUE">9</attwidth><atprecis Sync="TRUE">0</atprecis><attscale Sync="TRUE">0</attscale></attr><attr><attrlabl Sync="TRUE">OCC_DAY</attrlabl><attalias Sync="TRUE">OCC_DAY</attalias><attrtype Sync="TRUE">Integer</attrtype><attwidth Sync="TRUE">5</attwidth><atprecis Sync="TRUE">5</atprecis><attscale Sync="TRUE">0</attscale></attr><attr><attrlabl Sync="TRUE">OCC_DOY</attrlabl><attalias Sync="TRUE">OCC_DOY</attalias><attrtype Sync="TRUE">Integer</attrtype><attwidth Sync="TRUE">5</attwidth><atprecis Sync="TRUE">5</atprecis><attscale Sync="TRUE">0</attscale></attr><attr><attrlabl Sync="TRUE">OCC_DOW</attrlabl><attalias Sync="TRUE">OCC_DOW</attalias><attrtype Sync="TRUE">String</attrtype><attwidth Sync="TRUE">9</attwidth><atprecis Sync="TRUE">0</atprecis><attscale Sync="TRUE">0</attscale></attr><attr><attrlabl Sync="TRUE">OCC_HOUR</attrlabl><attalias Sync="TRUE">OCC_HOUR</attalias><attrtype Sync="TRUE">Integer</attrtype><attwidth Sync="TRUE">5</attwidth><atprecis Sync="TRUE">5</atprecis><attscale Sync="TRUE">0</attscale></attr><attr><attrlabl Sync="TRUE">DIVISION</attrlabl><attalias Sync="TRUE">DIVISION</attalias><attrtype Sync="TRUE">String</attrtype><attwidth Sync="TRUE">3</attwidth><atprecis Sync="TRUE">0</atprecis><attscale Sync="TRUE">0</attscale></attr><attr><attrlabl Sync="TRUE">LOCATION_T</attrlabl><attalias Sync="TRUE">LOCATION_T</attalias><attrtype Sync="TRUE">String</attrtype><attwidth Sync="TRUE">70</attwidth><atprecis Sync="TRUE">0</atprecis><attscale Sync="TRUE">0</attscale></attr><attr><attrlabl Sync="TRUE">PREMISES_T</attrlabl><attalias Sync="TRUE">PREMISES_T</attalias><attrtype Sync="TRUE">String</attrtype><attwidth Sync="TRUE">11</attwidth><atprecis Sync="TRUE">0</atprecis><attscale Sync="TRUE">0</attscale></attr><attr><attrlabl Sync="TRUE">UCR_CODE</attrlabl><attalias Sync="TRUE">UCR_CODE</attalias><attrtype Sync="TRUE">Integer</attrtype><attwidth Sync="TRUE">5</attwidth><atprecis Sync="TRUE">5</atprecis><attscale Sync="TRUE">0</attscale></attr><attr><attrlabl Sync="TRUE">UCR_EXT</attrlabl><attalias Sync="TRUE">UCR_EXT</attalias><attrtype Sync="TRUE">Integer</attrtype><attwidth Sync="TRUE">5</attwidth><atprecis Sync="TRUE">5</atprecis><attscale Sync="TRUE">0</attscale></attr><attr><attrlabl Sync="TRUE">OFFENCE</attrlabl><attalias Sync="TRUE">OFFENCE</attalias><attrtype Sync="TRUE">String</attrtype><attwidth Sync="TRUE">30</attwidth><atprecis Sync="TRUE">0</atprecis><attscale Sync="TRUE">0</attscale></attr><attr><attrlabl Sync="TRUE">MCI_CATEGO</attrlabl><attalias Sync="TRUE">MCI_CATEGO</attalias><attrtype Sync="TRUE">String</attrtype><attwidth Sync="TRUE">15</attwidth><atprecis Sync="TRUE">0</atprecis><attscale Sync="TRUE">0</attscale></attr><attr><attrlabl Sync="TRUE">HOOD_158</attrlabl><attalias Sync="TRUE">HOOD_158</attalias><attrtype Sync="TRUE">String</attrtype><attwidth Sync="TRUE">3</attwidth><atprecis Sync="TRUE">0</atprecis><attscale Sync="TRUE">0</attscale></attr><attr><attrlabl Sync="TRUE">NEIGHBOURH</attrlabl><attalias Sync="TRUE">NEIGHBOURH</attalias><attrtype Sync="TRUE">String</attrtype><attwidth Sync="TRUE">37</attwidth><atprecis Sync="TRUE">0</atprecis><attscale Sync="TRUE">0</attscale></attr><attr><attrlabl Sync="TRUE">HOOD_140</attrlabl><attalias Sync="TRUE">HOOD_140</attalias><attrtype Sync="TRUE">String</attrtype><attwidth Sync="TRUE">3</attwidth><atprecis Sync="TRUE">0</atprecis><attscale Sync="TRUE">0</attscale></attr><attr><attrlabl Sync="TRUE">NEIGHBOU_1</attrlabl><attalias Sync="TRUE">NEIGHBOU_1</attalias><attrtype Sync="TRUE">String</attrtype><attwidth Sync="TRUE">40</attwidth><atprecis Sync="TRUE">0</atprecis><attscale Sync="TRUE">0</attscale></attr><attr><attrlabl Sync="TRUE">LONG_WGS84</attrlabl><attalias Sync="TRUE">LONG_WGS84</attalias><attrtype Sync="TRUE">Double</attrtype><attwidth Sync="TRUE">19</attwidth><atprecis Sync="TRUE">0</atprecis><attscale Sync="TRUE">0</attscale></attr><attr><attrlabl Sync="TRUE">LAT_WGS84</attrlabl><attalias Sync="TRUE">LAT_WGS84</attalias><attrtype Sync="TRUE">Double</attrtype><attwidth Sync="TRUE">19</attwidth><atprecis Sync="TRUE">0</atprecis><attscale Sync="TRUE">0</attscale></attr></detailed></eainfo><mdDateSt Sync="TRUE">20230401</mdDateSt></metadata>
