<?xml version="1.0" encoding="UTF-8"?>
<metadata xml:lang="en"><Esri><CreaDate>20230401</CreaDate><CreaTime>23143900</CreaTime><ArcGISFormat>1.0</ArcGISFormat><SyncOnce>TRUE</SyncOnce><DataProperties><itemProps><itemLocation><linkage Sync="TRUE">file://\\STARRYPC\D$\618shp\Major_Crime_Indicators_Open_Data</linkage><protocol Sync="TRUE">Local Area Network</protocol></itemLocation></itemProps><copyHistory><copy source="D:\crime\Major_Crime_Indicators_Open_Data" dest="\\STARRYPC\D$\618shp\Major_Crime_Indicators_Open_Data" date="20230401" time="23143900"></copy></copyHistory><lineage><Process ToolSource="c:\program files\arcgis\pro\Resources\ArcToolbox\toolboxes\Data Management Tools.tbx\Copy" Date="20230401" Time="231439">Copy D:\crime\Major_Crime_Indicators_Open_Data.shp D:\618shp\Major_Crime_Indicators_Open_Data.shp Shapefile #</Process></lineage></DataProperties></Esri></metadata>
